post_id,text,post_text,shared_text,original_text,time,timestamp,image,image_lowquality,images,images_description,images_lowquality,images_lowquality_description,video,video_duration_seconds,video_height,video_id,video_quality,video_size_MB,video_thumbnail,video_watches,video_width,likes,comments,shares,post_url,link,links,user_id,username,user_url,is_live,factcheck,shared_post_id,shared_time,shared_user_id,shared_username,shared_post_url,available,comments_full,reactors,w3_fb_url,reactions,reaction_count,with,page_id,sharers,image_id,image_ids,video_ids,videos,was_live,header
10225565142414111,"You and your team hosted a wonderful conference Katie Lee Koven

Katie Lee Koven is with Julie Margueritte Taquin and Zaira Arredondo.
12 hrs ¬∑

A few pics from the Association of Academic Museums and Galleries conference. Darren Parry gave an incredible opening keynote. We had excursions to various places, one to Golden Spike and Spiral Jetty. It was great to spend some time with colleagues. Alexandra did an amazing job managing logistics for this hybrid conference. There were both in person and virtual presenters and attendees. It was kind of amazing that we pulled it off! Thanks to my staff as well who gave a lot of their time to do things they don‚Äôt typically have to do- like be tech support for a virtual session. They are so awesome.",You and your team hosted a wonderful conference Katie Lee Koven,"Katie Lee Koven is with Julie Margueritte Taquin and Zaira Arredondo.
12 hrs ¬∑

A few pics from the Association of Academic Museums and Galleries conference. Darren Parry gave an incredible opening keynote. We had excursions to various places, one to Golden Spike and Spiral Jetty. It was great to spend some time with colleagues. Alexandra did an amazing job managing logistics for this hybrid conference. There were both in person and virtual presenters and attendees. It was kind of amazing that we pulled it off! Thanks to my staff as well who gave a lot of their time to do things they don‚Äôt typically have to do- like be tech support for a virtual session. They are so awesome.",,2022-06-18 20:24:03,,https://scontent-sea1-1.xx.fbcdn.net/v/t39.30808-6/287716249_10223988107065342_5573440576870770528_n.jpg?stp=cp0_dst-jpg_e15_fr_q65&_nc_cat=106&ccb=1-7&_nc_sid=110474&efg=eyJpIjoidCJ9&_nc_ohc=4nyFIGV3AlkAX8-1JCQ&_nc_ht=scontent-sea1-1.xx&oh=00_AT8V9aHcaT5-aAtzStkgG0iZ18CQZw3gc2NXH7f7DiiOhA&oe=62B497CD&manual_redirect=1,https://scontent-sea1-1.xx.fbcdn.net/v/t39.30808-6/287716249_10223988107065342_5573440576870770528_n.jpg?stp=cp0_dst-jpg_e15_p160x160_q65&_nc_cat=106&ccb=1-7&_nc_sid=110474&efg=eyJpIjoidCJ9&_nc_ohc=4nyFIGV3AlkAX8-1JCQ&_nc_ht=scontent-sea1-1.xx&oh=00_AT-m81i2sykDR_4UikQ7YM6h4t5Q7KY-jF5BKYGpv1VGCA&oe=62B497CD,"['https://scontent-sea1-1.xx.fbcdn.net/v/t39.30808-6/287716249_10223988107065342_5573440576870770528_n.jpg?stp=cp0_dst-jpg_e15_fr_q65&_nc_cat=106&ccb=1-7&_nc_sid=110474&efg=eyJpIjoidCJ9&_nc_ohc=4nyFIGV3AlkAX8-1JCQ&_nc_ht=scontent-sea1-1.xx&oh=00_AT8V9aHcaT5-aAtzStkgG0iZ18CQZw3gc2NXH7f7DiiOhA&oe=62B497CD&manual_redirect=1', 'https://scontent-sea1-1.xx.fbcdn.net/v/t39.30808-6/287969068_10223988110665432_271986689303207708_n.jpg?stp=cp0_dst-jpg_e15_fr_q65&_nc_cat=108&ccb=1-7&_nc_sid=110474&efg=eyJpIjoidCJ9&_nc_ohc=MViZlGYABFQAX-IWC-d&_nc_ht=scontent-sea1-1.xx&oh=00_AT9K_q7EafOHN9u6eeI0RFmytRvYUrd5XEHdtT4QkAKJjQ&oe=62B4BCC2&manual_redirect=1', 'https://scontent-sea1-1.xx.fbcdn.net/v/t39.30808-6/287699732_10223988110225421_333474584744331076_n.jpg?stp=cp0_dst-jpg_e15_fr_q65&_nc_cat=111&ccb=1-7&_nc_sid=110474&efg=eyJpIjoidCJ9&_nc_ohc=D0VjO7C9-80AX-HGiD-&_nc_ht=scontent-sea1-1.xx&oh=00_AT_FRp3XCBI1hGpEmiFPstrzymy7W4pHcFzYz-W96HEvwA&oe=62B45717&manual_redirect=1', 'https://scontent-sea1-1.xx.fbcdn.net/v/t39.30808-6/287479602_10223988107265347_3512660340026551063_n.jpg?stp=cp0_dst-jpg_e15_fr_q65&_nc_cat=107&ccb=1-7&_nc_sid=110474&efg=eyJpIjoidCJ9&_nc_ohc=kbqBT_WMunMAX8ina15&tn=y9RIhtjcLrjeDzHT&_nc_ht=scontent-sea1-1.xx&oh=00_AT-5iUMRWr70De8KPMnzlVJHeaxBn5_GUQmaf8Mg3CSYNQ&oe=62B39069&manual_redirect=1', 'https://scontent-sea1-1.xx.fbcdn.net/v/t39.30808-6/287746245_10223988107145344_7907225164826356598_n.jpg?stp=cp0_dst-jpg_e15_fr_q65&_nc_cat=102&ccb=1-7&_nc_sid=110474&efg=eyJpIjoidCJ9&_nc_ohc=GsxOkHio3LkAX8Wj0oZ&tn=y9RIhtjcLrjeDzHT&_nc_ht=scontent-sea1-1.xx&oh=00_AT-8dEgHcib7HiI3acAIGpN4kkoAaunTx7CHE0Qba_wsrQ&oe=62B3B28A&manual_redirect=1', 'https://scontent-sea1-1.xx.fbcdn.net/v/t39.30808-6/288296934_10223988110945439_470897866906937980_n.jpg?stp=cp0_dst-jpg_e15_fr_q65&_nc_cat=102&ccb=1-7&_nc_sid=110474&efg=eyJpIjoidCJ9&_nc_ohc=uyWcs3dRm3YAX9Xhj1D&_nc_ht=scontent-sea1-1.xx&oh=00_AT-q2UrlNSp4jbahDgPI5V6wCdW_isYKJklEkDxtdvHhxg&oe=62B368AF&manual_redirect=1', 'https://scontent-sea1-1.xx.fbcdn.net/v/t39.30808-6/287869341_10223988110545429_334522120975651521_n.jpg?stp=cp0_dst-jpg_e15_fr_q65&_nc_cat=111&ccb=1-7&_nc_sid=110474&efg=eyJpIjoidCJ9&_nc_ohc=ZBduKgpZJTEAX_NVGKW&tn=y9RIhtjcLrjeDzHT&_nc_ht=scontent-sea1-1.xx&oh=00_AT8O8zY3aukLS812SvMY9AWTJuFvaT-SGGkbDXXpypuUrA&oe=62B3BE75&manual_redirect=1', 'https://scontent-sea1-1.xx.fbcdn.net/v/t39.30808-6/288505974_10223988111065442_8117809802654528174_n.jpg?stp=cp0_dst-jpg_e15_fr_q65&_nc_cat=108&ccb=1-7&_nc_sid=110474&efg=eyJpIjoidCJ9&_nc_ohc=-8gfAgX8ki8AX8kg6By&_nc_oc=AQneAzyYCXB9F0ea7r6zIxassnHr8tE70UCH5E82kzpKAzEq_IwcTrIP6ecwt3qOK88&tn=y9RIhtjcLrjeDzHT&_nc_ht=scontent-sea1-1.xx&oh=00_AT-YvB1vs68AIBPYZMWBUFTqIzJDdO5u2YinqgZFnCUUUg&oe=62B33045&manual_redirect=1']","['May be an image of 3 people, people sitting and indoor', ""May be an image of 1 person and text that says 'STATE UtahState University'"", 'May be an image of cake', 'May be an image of 6 people, people sitting and mountain', 'May be an image of 9 people and railroad', 'May be an image of train and railroad', 'May be an image of 10 people, coast, ocean and beach', 'May be an image of 14 people, people standing, body of water and beach']","['https://scontent-sea1-1.xx.fbcdn.net/v/t39.30808-6/287716249_10223988107065342_5573440576870770528_n.jpg?stp=cp0_dst-jpg_e15_p160x160_q65&_nc_cat=106&ccb=1-7&_nc_sid=110474&efg=eyJpIjoidCJ9&_nc_ohc=4nyFIGV3AlkAX8-1JCQ&_nc_ht=scontent-sea1-1.xx&oh=00_AT-m81i2sykDR_4UikQ7YM6h4t5Q7KY-jF5BKYGpv1VGCA&oe=62B497CD', 'https://scontent-sea1-1.xx.fbcdn.net/v/t39.30808-6/287969068_10223988110665432_271986689303207708_n.jpg?stp=cp0_dst-jpg_e15_p160x160_q65&_nc_cat=108&ccb=1-7&_nc_sid=110474&efg=eyJpIjoidCJ9&_nc_ohc=MViZlGYABFQAX-IWC-d&_nc_ht=scontent-sea1-1.xx&oh=00_AT9qofeqbZ5fup9CPJARf8bNOD22k2Xmi2FPYEfUwRI8nQ&oe=62B4BCC2', 'https://scontent-sea1-1.xx.fbcdn.net/v/t39.30808-6/287699732_10223988110225421_333474584744331076_n.jpg?stp=cp0_dst-jpg_e15_p110x80_q65&_nc_cat=111&ccb=1-7&_nc_sid=110474&efg=eyJpIjoidCJ9&_nc_ohc=D0VjO7C9-80AX-HGiD-&_nc_ht=scontent-sea1-1.xx&oh=00_AT9iBEXO44c5mnPmtvGFsFStJ0CyQegtW3Fo1D89SsPsDw&oe=62B45717', 'https://scontent-sea1-1.xx.fbcdn.net/v/t39.30808-6/287479602_10223988107265347_3512660340026551063_n.jpg?stp=cp0_dst-jpg_e15_p110x80_q65&_nc_cat=107&ccb=1-7&_nc_sid=110474&efg=eyJpIjoidCJ9&_nc_ohc=kbqBT_WMunMAX8ina15&tn=y9RIhtjcLrjeDzHT&_nc_ht=scontent-sea1-1.xx&oh=00_AT_yNTBGeN6FTYSmRdAMbn77r8GCw-TOy0u4WHLc2S-fkw&oe=62B39069', 'https://scontent-sea1-1.xx.fbcdn.net/v/t39.30808-6/287746245_10223988107145344_7907225164826356598_n.jpg?stp=cp0_dst-jpg_e15_p118x118_q65&_nc_cat=102&ccb=1-7&_nc_sid=110474&efg=eyJpIjoidCJ9&_nc_ohc=GsxOkHio3LkAX8Wj0oZ&tn=y9RIhtjcLrjeDzHT&_nc_ht=scontent-sea1-1.xx&oh=00_AT9J0NYKBTAv4CzxUUalRL_r_CfWVY27wFV7SBtVnD0vWA&oe=62B3B28A']","['May be an image of 3 people, people sitting and indoor', ""May be an image of 1 person and text that says 'STATE UtahState University'"", 'May be an image of cake', 'May be an image of 6 people, people sitting and mountain', 'May be an image of 9 people and railroad']",,,,,,,,,,21,0,0,https://facebook.com/darren.parry.7/posts/10225565142414111,,"[{'link': '/katiealee?refid=17&_ft_=qid.-6130012688279113454%3Amf_story_key.10225565142414111%3Atop_level_post_id.10225565142414111%3Atl_objid.10225565142414111%3Acontent_owner_id_new.1194082179%3Aoriginal_content_id.10223988106345324%3Aoriginal_content_owner_id.1077947803%3Athrowback_story_fbid.10225565142414111%3Aphoto_id.10223988061064192%3Astory_location.4%3Aattached_story_attachment_style.album%3Asty.22%3Aapp_id.6628568379%3Aattached_story_type.EntStatusCreationStory%3Aattached_story_attachment_type.PhotoSetAttachment%3Apos.1%3Aprofile_id.1194082179%3Aprofile_relationship_type.6%3Aactrs.1194082179%3Athid.1194082179%3A306061129499414%3A2%3A0%3A1656658799%3A2872676495401656125%3A%3A%3Aftmd_400706.111111l&__tn__=%2As-R', 'text': 'Katie Lee Koven'}, {'link': '/darren.parry.7?lst=100006565235294%3A1194082179%3A1655627039&refid=17&_ft_=qid.-6130012688279113454%3Amf_story_key.10225565142414111%3Atop_level_post_id.10225565142414111%3Atl_objid.10225565142414111%3Acontent_owner_id_new.1194082179%3Aoriginal_content_id.10223988106345324%3Aoriginal_content_owner_id.1077947803%3Athrowback_story_fbid.10225565142414111%3Aphoto_id.10223988061064192%3Astory_location.4%3Aattached_story_attachment_style.album%3Asty.22%3Aapp_id.6628568379%3Aattached_story_type.EntStatusCreationStory%3Aattached_story_attachment_type.PhotoSetAttachment%3Apos.1%3Aprofile_id.1194082179%3Aprofile_relationship_type.6%3Aactrs.1194082179%3Athid.1194082179%3A306061129499414%3A2%3A0%3A1656658799%3A2872676495401656125%3A%3A%3Aftmd_400706.111111l&__tn__=%2AsH-R', 'text': 'Darren Parry'}, {'link': '/story.php?story_fbid=10223988106345324&id=1077947803&refid=17', 'text': 'More'}, {'link': '/alexandra.chamberlain.12?refid=17&_ft_=qid.-6130012688279113454%3Amf_story_key.10225565142414111%3Atop_level_post_id.10225565142414111%3Atl_objid.10225565142414111%3Acontent_owner_id_new.1194082179%3Aoriginal_content_id.10223988106345324%3Aoriginal_content_owner_id.1077947803%3Athrowback_story_fbid.10225565142414111%3Aphoto_id.10223988061064192%3Astory_location.4%3Aattached_story_attachment_style.album%3Asty.22%3Aapp_id.6628568379%3Aattached_story_type.EntStatusCreationStory%3Aattached_story_attachment_type.PhotoSetAttachment%3Apos.1%3Aprofile_id.1194082179%3Aprofile_relationship_type.6%3Aactrs.1194082179%3Athid.1194082179%3A306061129499414%3A2%3A0%3A1656658799%3A2872676495401656125%3A%3A%3Aftmd_400706.111111l&__tn__=%2AsH-R', 'text': 'Alexandra'}]",1194082179,Darren Parry,https://facebook.com/darren.parry.7?lst=100006565235294%3A1194082179%3A1655627039&refid=17&_ft_=qid.-6130012688279113454%3Amf_story_key.10225565142414111%3Atop_level_post_id.10225565142414111%3Atl_objid.10225565142414111%3Acontent_owner_id_new.1194082179%3Aoriginal_content_id.10223988106345324%3Aoriginal_content_owner_id.1077947803%3Athrowback_story_fbid.10225565142414111%3Aphoto_id.10223988061064192%3Astory_location.4%3Aattached_story_attachment_style.album%3Asty.22%3Aapp_id.6628568379%3Aattached_story_type.EntStatusCreationStory%3Aattached_story_attachment_type.PhotoSetAttachment%3Apos.1%3Aprofile_id.1194082179%3Aprofile_relationship_type.6%3Aactrs.1194082179%3Athid.1194082179%3A306061129499414%3A2%3A0%3A1656658799%3A2872676495401656125%3A%3A%3Aftmd_400706.111111l&__tn__=C-R,False,,10223988106345324,2022-06-18 20:24:17,1077947803,Katie Lee Koven,https://facebook.com/story.php?story_fbid=10223988106345324&id=1077947803,True,,,,,,"[{'name': 'Katie Lee Koven', 'link': '/katiealee?refid=17&_ft_=qid.-6130012688279113454%3Amf_story_key.10225565142414111%3Atop_level_post_id.10225565142414111%3Atl_objid.10225565142414111%3Acontent_owner_id_new.1194082179%3Aoriginal_content_id.10223988106345324%3Aoriginal_content_owner_id.1077947803%3Athrowback_story_fbid.10225565142414111%3Aphoto_id.10223988061064192%3Astory_location.4%3Aattached_story_attachment_style.album%3Asty.22%3Aapp_id.6628568379%3Aattached_story_type.EntStatusCreationStory%3Aattached_story_attachment_type.PhotoSetAttachment%3Apos.1%3Aprofile_id.1194082179%3Aprofile_relationship_type.6%3Aactrs.1194082179%3Athid.1194082179%3A306061129499414%3A2%3A0%3A1656658799%3A2872676495401656125%3A%3A%3Aftmd_400706.111111l&__tn__=CH-R'}]",,,,[],[],[],False,Darren Parry
10225564975369935,We are sitting here at lunch in Jackson at Cafe Genevieve. The wind is blowing in her hair and I said you look like the girl in the ‚ÄúWhite Snake‚Äù video. üòÇ Doesn‚Äôt get any better üòä,We are sitting here at lunch in Jackson at Cafe Genevieve. The wind is blowing in her hair and I said you look like the girl in the ‚ÄúWhite Snake‚Äù video. üòÇ Doesn‚Äôt get any better üòä,,,2022-06-18 19:24:17,,https://scontent-sea1-1.xx.fbcdn.net/v/t39.30808-6/286992782_10225564976329959_2213839292464902894_n.jpg?stp=cp0_dst-jpg_e15_fr_q65&_nc_cat=103&ccb=1-7&_nc_sid=110474&efg=eyJpIjoidCJ9&_nc_ohc=fo6wFb0by18AX-ITwGv&_nc_ht=scontent-sea1-1.xx&oh=00_AT957TEB5dUhbYYpcN0qxW_FUbrz_ulPV30JzNlgM2Fd5Q&oe=62B3EC32&manual_redirect=1,https://scontent-sea1-1.xx.fbcdn.net/v/t39.30808-6/286992782_10225564976329959_2213839292464902894_n.jpg?stp=cp0_dst-jpg_e15_p240x240_q65&_nc_cat=103&ccb=1-7&_nc_sid=110474&efg=eyJpIjoidCJ9&_nc_ohc=fo6wFb0by18AX-ITwGv&_nc_ht=scontent-sea1-1.xx&oh=00_AT_owowMvDPTt5O6_dupJv5n61O9FL1xuSG-wmr0LhEDng&oe=62B3EC32,"['https://scontent-sea1-1.xx.fbcdn.net/v/t39.30808-6/286992782_10225564976329959_2213839292464902894_n.jpg?stp=cp0_dst-jpg_e15_fr_q65&_nc_cat=103&ccb=1-7&_nc_sid=110474&efg=eyJpIjoidCJ9&_nc_ohc=fo6wFb0by18AX-ITwGv&_nc_ht=scontent-sea1-1.xx&oh=00_AT957TEB5dUhbYYpcN0qxW_FUbrz_ulPV30JzNlgM2Fd5Q&oe=62B3EC32&manual_redirect=1', 'https://scontent-sea1-1.xx.fbcdn.net/v/t39.30808-6/286751937_10225564976369960_458194542080020510_n.jpg?stp=cp0_dst-jpg_e15_fr_q65&_nc_cat=109&ccb=1-7&_nc_sid=110474&efg=eyJpIjoidCJ9&_nc_ohc=xuuD1LmUUXEAX9Ru2Qb&_nc_ht=scontent-sea1-1.xx&oh=00_AT-diEwMO6638nFp68-tQLgoN-pkqCMhhi7RfQq_mIGK2Q&oe=62B32DFD&manual_redirect=1']","['May be an image of 1 person, tree and outdoors', 'May be an image of 1 person and outdoors']","['https://scontent-sea1-1.xx.fbcdn.net/v/t39.30808-6/286992782_10225564976329959_2213839292464902894_n.jpg?stp=cp0_dst-jpg_e15_p240x240_q65&_nc_cat=103&ccb=1-7&_nc_sid=110474&efg=eyJpIjoidCJ9&_nc_ohc=fo6wFb0by18AX-ITwGv&_nc_ht=scontent-sea1-1.xx&oh=00_AT_owowMvDPTt5O6_dupJv5n61O9FL1xuSG-wmr0LhEDng&oe=62B3EC32', 'https://scontent-sea1-1.xx.fbcdn.net/v/t39.30808-6/286751937_10225564976369960_458194542080020510_n.jpg?stp=cp0_dst-jpg_e15_p240x240_q65&_nc_cat=109&ccb=1-7&_nc_sid=110474&efg=eyJpIjoidCJ9&_nc_ohc=xuuD1LmUUXEAX9Ru2Qb&_nc_ht=scontent-sea1-1.xx&oh=00_AT9zINv4_FSAqL5yOD1sTCMXB2_QmSAjJmbAcpCZD61xTw&oe=62B32DFD']","['May be an image of 1 person, tree and outdoors', 'May be an image of 1 person and outdoors']",,,,,,,,,,111,19,0,https://facebook.com/darren.parry.7/posts/10225564975369935,,[],1194082179,Darren Parry,https://facebook.com/darren.parry.7?lst=100006565235294%3A1194082179%3A1655627039&refid=17&_ft_=qid.-6130012688482972784%3Amf_story_key.10225564975369935%3Atop_level_post_id.10225564975369935%3Atl_objid.10225564975369935%3Acontent_owner_id_new.1194082179%3Athrowback_story_fbid.10225564975369935%3Aphoto_attachments_list.%5B10225564974449912%2C10225564974529914%5D%3Aphoto_id.10225564974449912%3Astory_location.4%3Astory_attachment_style.album%3Asty.22%3Aent_attachement_type.PhotoSetAttachment%3Aapp_id.6628568379%3Apos.1%3Aprofile_id.1194082179%3Aprofile_relationship_type.6%3Aactrs.1194082179%3Athid.1194082179%3A306061129499414%3A2%3A0%3A1656658799%3A2695589698561880946%3A%3A%3Aftmd_400706.111111l&__tn__=C-R,False,,,,,,,True,,,,,,,,,,[],[],[],False,
10225546412625878,"One year later‚Ä¶she is still putting up with me‚ù§Ô∏è

Darren Parry
June 14, 2021 at 6:55 AM ¬∑

Happy Anniversary Melody Parry. Man have we been on a few adventures. I love you‚ù§Ô∏è",One year later‚Ä¶she is still putting up with me‚ù§Ô∏è,"Darren Parry
June 14, 2021 at 6:55 AM ¬∑

Happy Anniversary Melody Parry. Man have we been on a few adventures. I love you‚ù§Ô∏è",,2022-06-14 19:21:00,,https://scontent-sea1-1.xx.fbcdn.net/v/t1.6435-9/201225629_10223498984721460_1178354498728820236_n.jpg?stp=cp0_dst-jpg_e15_fr_q65&_nc_cat=100&ccb=1-7&_nc_sid=110474&efg=eyJpIjoidCJ9&_nc_ohc=5Xjo1RuCbFsAX-hjmaj&tn=y9RIhtjcLrjeDzHT&_nc_ht=scontent-sea1-1.xx&oh=00_AT_gJtuFVJDYvy4Rz0YgkvXFXFyuE6wOZHCUbqwHMDnvcg&oe=62D29A9E&manual_redirect=1,https://scontent-sea1-1.xx.fbcdn.net/v/t1.6435-9/201225629_10223498984721460_1178354498728820236_n.jpg?stp=cp0_dst-jpg_e15_p160x160_q65&_nc_cat=100&ccb=1-7&_nc_sid=110474&efg=eyJpIjoidCJ9&_nc_ohc=5Xjo1RuCbFsAX-hjmaj&tn=y9RIhtjcLrjeDzHT&_nc_ht=scontent-sea1-1.xx&oh=00_AT9nE-KhW_1uUbRi9SDWirvS6h4Mno-2SmtmK_MAxxWN5w&oe=62D29A9E,"['https://scontent-sea1-1.xx.fbcdn.net/v/t1.6435-9/201225629_10223498984721460_1178354498728820236_n.jpg?stp=cp0_dst-jpg_e15_fr_q65&_nc_cat=100&ccb=1-7&_nc_sid=110474&efg=eyJpIjoidCJ9&_nc_ohc=5Xjo1RuCbFsAX-hjmaj&tn=y9RIhtjcLrjeDzHT&_nc_ht=scontent-sea1-1.xx&oh=00_AT_gJtuFVJDYvy4Rz0YgkvXFXFyuE6wOZHCUbqwHMDnvcg&oe=62D29A9E&manual_redirect=1', 'https://scontent-sea1-1.xx.fbcdn.net/v/t1.6435-9/199814918_10223498986601507_5300151251030062848_n.jpg?stp=cp0_dst-jpg_e15_fr_q65&_nc_cat=102&ccb=1-7&_nc_sid=110474&efg=eyJpIjoidCJ9&_nc_ohc=xD0cNVjTZF8AX9l0cX2&_nc_ht=scontent-sea1-1.xx&oh=00_AT_MgjHCHUdHWy9dYpJoVzJbrTBiBcN-JmFDuMW-oMsGkA&oe=62D46048&manual_redirect=1', 'https://scontent-sea1-1.xx.fbcdn.net/v/t1.6435-9/200776689_10223498986321500_9151096364413223092_n.jpg?stp=cp0_dst-jpg_e15_fr_q65&_nc_cat=104&ccb=1-7&_nc_sid=110474&efg=eyJpIjoidCJ9&_nc_ohc=yHFQ-SGv_1kAX_DNWwA&_nc_ht=scontent-sea1-1.xx&oh=00_AT8m1Wu-sPXnCsuzK-sFkFknDPs7cbqTO9o5pfcsDwgCfw&oe=62D6563B&manual_redirect=1', 'https://scontent-sea1-1.xx.fbcdn.net/v/t1.6435-9/201370290_10223498985281474_6582588554665159807_n.jpg?stp=cp0_dst-jpg_e15_fr_q65&_nc_cat=109&ccb=1-7&_nc_sid=110474&efg=eyJpIjoidCJ9&_nc_ohc=Eo8QAcF1hpYAX-qvoGT&tn=y9RIhtjcLrjeDzHT&_nc_ht=scontent-sea1-1.xx&oh=00_AT9rpl065q_0Q3RFdZ_d4L5pLpeQzdITf89Oc0D2F0800A&oe=62D58D5C&manual_redirect=1', 'https://scontent-sea1-1.xx.fbcdn.net/v/t1.6435-9/199184493_10223498985481479_9218126982216134810_n.jpg?stp=cp0_dst-jpg_e15_fr_q65&_nc_cat=100&ccb=1-7&_nc_sid=110474&efg=eyJpIjoidCJ9&_nc_ohc=wuwTNa2LyPsAX9Km_rJ&_nc_ht=scontent-sea1-1.xx&oh=00_AT94XjrGCuI8YVVRp1Ukt43MnE9H6v8wsP9WhpTNAnMqdw&oe=62D3FBD5&manual_redirect=1', 'https://scontent-sea1-1.xx.fbcdn.net/v/t1.6435-9/201588219_10223498985961491_5593722869777766787_n.jpg?stp=cp0_dst-jpg_e15_fr_q65&_nc_cat=108&ccb=1-7&_nc_sid=110474&efg=eyJpIjoidCJ9&_nc_ohc=oim2WwG2LwYAX83E_55&_nc_ht=scontent-sea1-1.xx&oh=00_AT_mN5xOLDJ6DvyvwZLvWyOOjOnev0tYgv4f71811SBtvA&oe=62D5A077&manual_redirect=1', 'https://scontent-sea1-1.xx.fbcdn.net/v/t1.6435-9/200758340_10223498985001467_4859808473180957295_n.jpg?stp=cp0_dst-jpg_e15_fr_q65&_nc_cat=111&ccb=1-7&_nc_sid=110474&efg=eyJpIjoidCJ9&_nc_ohc=0Akak8S_ilYAX8RFAp-&_nc_ht=scontent-sea1-1.xx&oh=00_AT844kWm6b9JQ1raPlUdl0nR5ItSKJFE_YP8FEWH5vNtRw&oe=62D5F47C&manual_redirect=1', 'https://scontent-sea1-1.xx.fbcdn.net/v/t1.6435-9/201016655_10223498985761486_7587179237273475028_n.jpg?stp=cp0_dst-jpg_e15_fr_q65&_nc_cat=106&ccb=1-7&_nc_sid=110474&efg=eyJpIjoidCJ9&_nc_ohc=XREvkk46GvoAX9IobG9&_nc_ht=scontent-sea1-1.xx&oh=00_AT9DAegcn1doBsR2xlkvJFGQejD58ja3CqJRv15kfshQlA&oe=62D4E68B&manual_redirect=1']","['May be an image of one or more people, drink and indoor', 'May be an image of one or more people, people standing, ocean and beach', 'May be an image of one or more people, people standing and outdoors', 'May be an image of one or more people, ocean and nature', 'May be an image of one or more people and outdoors', 'May be an image of deer and outdoors', 'May be an image of one or more people and body of water', 'No photo description available.']","['https://scontent-sea1-1.xx.fbcdn.net/v/t1.6435-9/201225629_10223498984721460_1178354498728820236_n.jpg?stp=cp0_dst-jpg_e15_p160x160_q65&_nc_cat=100&ccb=1-7&_nc_sid=110474&efg=eyJpIjoidCJ9&_nc_ohc=5Xjo1RuCbFsAX-hjmaj&tn=y9RIhtjcLrjeDzHT&_nc_ht=scontent-sea1-1.xx&oh=00_AT9nE-KhW_1uUbRi9SDWirvS6h4Mno-2SmtmK_MAxxWN5w&oe=62D29A9E', 'https://scontent-sea1-1.xx.fbcdn.net/v/t1.6435-9/199814918_10223498986601507_5300151251030062848_n.jpg?stp=cp0_dst-jpg_e15_p160x160_q65&_nc_cat=102&ccb=1-7&_nc_sid=110474&efg=eyJpIjoidCJ9&_nc_ohc=xD0cNVjTZF8AX9l0cX2&_nc_ht=scontent-sea1-1.xx&oh=00_AT_jawR_skIE5Nr5AQVxApQRmsGqDabfcyUx1l4A0j3Yhw&oe=62D46048', 'https://scontent-sea1-1.xx.fbcdn.net/v/t1.6435-9/200776689_10223498986321500_9151096364413223092_n.jpg?stp=cp0_dst-jpg_e15_p110x80_q65&_nc_cat=104&ccb=1-7&_nc_sid=110474&efg=eyJpIjoidCJ9&_nc_ohc=yHFQ-SGv_1kAX_DNWwA&_nc_ht=scontent-sea1-1.xx&oh=00_AT-oPv9BiSpJAog4HtUGYXnJ_F4vpvvypifnOq2yOtZJNA&oe=62D6563B', 'https://scontent-sea1-1.xx.fbcdn.net/v/t1.6435-9/201370290_10223498985281474_6582588554665159807_n.jpg?stp=cp0_dst-jpg_e15_q65_s160x160&_nc_cat=109&ccb=1-7&_nc_sid=110474&efg=eyJpIjoidCJ9&_nc_ohc=Eo8QAcF1hpYAX-qvoGT&tn=y9RIhtjcLrjeDzHT&_nc_ht=scontent-sea1-1.xx&oh=00_AT_MQ0dm4gseqXc6S5ChsCQE7fIMnu5SHlQw3SpfMyhdxQ&oe=62D58D5C', 'https://scontent-sea1-1.xx.fbcdn.net/v/t1.6435-9/199184493_10223498985481479_9218126982216134810_n.jpg?stp=cp0_dst-jpg_e15_p110x80_q65&_nc_cat=100&ccb=1-7&_nc_sid=110474&efg=eyJpIjoidCJ9&_nc_ohc=wuwTNa2LyPsAX9Km_rJ&_nc_ht=scontent-sea1-1.xx&oh=00_AT-cDH1Vj3A03of7xxn2drpR6Qtf1JBJ83Ru01Zku9wIrQ&oe=62D3FBD5']","['May be an image of one or more people, drink and indoor', 'May be an image of one or more people, people standing, ocean and beach', 'May be an image of one or more people, people standing and outdoors', 'May be an image of one or more people, ocean and nature', 'May be an image of one or more people and outdoors']",,,,,,,,,,247,67,0,https://facebook.com/darren.parry.7/posts/10225546412625878,,"[{'link': '/melody.tonione?refid=17&_ft_=top_level_post_id.10223498987161521%3Acontent_owner_id_new.1194082179%3Aphoto_attachments_list.%5B10223498984681459%2C10223498986561506%2C10223498986281499%2C10223498985241473%2C10223498985441478%5D%3Astory_location.9%3Astory_attachment_style.album%3Aent_attachement_type.PhotoSetAttachment%3Aactrs.1194082179%3Aftmd_400706.111111l&__tn__=%2AsH-R', 'text': 'Melody Parry'}]",1194082179,Darren Parry,https://facebook.com/darren.parry.7?lst=100006565235294%3A1194082179%3A1655627039&refid=17&_ft_=qid.-6130012688265909841%3Amf_story_key.10225546412625878%3Atop_level_post_id.10225546412625878%3Atl_objid.10225546412625878%3Acontent_owner_id_new.1194082179%3Aoriginal_content_id.10223498987161521%3Aoriginal_content_owner_id.1194082179%3Athrowback_story_fbid.10225546412625878%3Astory_location.4%3Astory_attachment_style.goodwill_shared_card%3Asty.22%3Aent_attachement_type.GoodwillTimelineSharedStoryAttachment%3Aapp_id.6628568379%3Apos.1%3Aprofile_id.1194082179%3Aprofile_relationship_type.6%3Aactrs.1194082179%3Athid.1194082179%3A306061129499414%3A2%3A0%3A1656658799%3A-3732161664473784357%3A%3A%3Aftmd_400706.111111l&__tn__=C-R,False,,10223498987161521,2021-06-14 06:55:00,1194082179,Darren Parry,https://facebook.com/story.php?story_fbid=10223498987161521&id=1194082179,True,,,,,,"[{'name': 'Darren Parry', 'link': '/darren.parry.7?lst=100006565235294%3A1194082179%3A1655627039&refid=17&_ft_=top_level_post_id.10223498987161521%3Acontent_owner_id_new.1194082179%3Aphoto_attachments_list.%5B10223498984681459%2C10223498986561506%2C10223498986281499%2C10223498985241473%2C10223498985441478%5D%3Astory_location.9%3Astory_attachment_style.album%3Aent_attachement_type.PhotoSetAttachment%3Aactrs.1194082179%3Aftmd_400706.111111l&__tn__=CH-R'}]",,,,[],[],[],False,Darren Parry shared a memory.
10223498987161521,Happy Anniversary Melody Parry. Man have we been on a few adventures. I love you‚ù§Ô∏è,Happy Anniversary Melody Parry. Man have we been on a few adventures. I love you‚ù§Ô∏è,,,2021-06-14 06:55:00,,https://scontent-sea1-1.xx.fbcdn.net/v/t1.6435-9/201225629_10223498984721460_1178354498728820236_n.jpg?stp=cp0_dst-jpg_e15_fr_q65&_nc_cat=100&ccb=1-7&_nc_sid=110474&efg=eyJpIjoidCJ9&_nc_ohc=5Xjo1RuCbFsAX-hjmaj&tn=y9RIhtjcLrjeDzHT&_nc_ht=scontent-sea1-1.xx&oh=00_AT_gJtuFVJDYvy4Rz0YgkvXFXFyuE6wOZHCUbqwHMDnvcg&oe=62D29A9E&manual_redirect=1,https://scontent-sea1-1.xx.fbcdn.net/v/t1.6435-9/201225629_10223498984721460_1178354498728820236_n.jpg?stp=cp0_dst-jpg_e15_p160x160_q65&_nc_cat=100&ccb=1-7&_nc_sid=110474&efg=eyJpIjoidCJ9&_nc_ohc=5Xjo1RuCbFsAX-hjmaj&tn=y9RIhtjcLrjeDzHT&_nc_ht=scontent-sea1-1.xx&oh=00_AT9nE-KhW_1uUbRi9SDWirvS6h4Mno-2SmtmK_MAxxWN5w&oe=62D29A9E,"['https://scontent-sea1-1.xx.fbcdn.net/v/t1.6435-9/201225629_10223498984721460_1178354498728820236_n.jpg?stp=cp0_dst-jpg_e15_fr_q65&_nc_cat=100&ccb=1-7&_nc_sid=110474&efg=eyJpIjoidCJ9&_nc_ohc=5Xjo1RuCbFsAX-hjmaj&tn=y9RIhtjcLrjeDzHT&_nc_ht=scontent-sea1-1.xx&oh=00_AT_gJtuFVJDYvy4Rz0YgkvXFXFyuE6wOZHCUbqwHMDnvcg&oe=62D29A9E&manual_redirect=1', 'https://scontent-sea1-1.xx.fbcdn.net/v/t1.6435-9/199814918_10223498986601507_5300151251030062848_n.jpg?stp=cp0_dst-jpg_e15_fr_q65&_nc_cat=102&ccb=1-7&_nc_sid=110474&efg=eyJpIjoidCJ9&_nc_ohc=xD0cNVjTZF8AX9l0cX2&_nc_ht=scontent-sea1-1.xx&oh=00_AT_MgjHCHUdHWy9dYpJoVzJbrTBiBcN-JmFDuMW-oMsGkA&oe=62D46048&manual_redirect=1', 'https://scontent-sea1-1.xx.fbcdn.net/v/t1.6435-9/200776689_10223498986321500_9151096364413223092_n.jpg?stp=cp0_dst-jpg_e15_fr_q65&_nc_cat=104&ccb=1-7&_nc_sid=110474&efg=eyJpIjoidCJ9&_nc_ohc=yHFQ-SGv_1kAX_DNWwA&_nc_ht=scontent-sea1-1.xx&oh=00_AT8m1Wu-sPXnCsuzK-sFkFknDPs7cbqTO9o5pfcsDwgCfw&oe=62D6563B&manual_redirect=1', 'https://scontent-sea1-1.xx.fbcdn.net/v/t1.6435-9/201370290_10223498985281474_6582588554665159807_n.jpg?stp=cp0_dst-jpg_e15_fr_q65&_nc_cat=109&ccb=1-7&_nc_sid=110474&efg=eyJpIjoidCJ9&_nc_ohc=Eo8QAcF1hpYAX-qvoGT&tn=y9RIhtjcLrjeDzHT&_nc_ht=scontent-sea1-1.xx&oh=00_AT9rpl065q_0Q3RFdZ_d4L5pLpeQzdITf89Oc0D2F0800A&oe=62D58D5C&manual_redirect=1', 'https://scontent-sea1-1.xx.fbcdn.net/v/t1.6435-9/199184493_10223498985481479_9218126982216134810_n.jpg?stp=cp0_dst-jpg_e15_fr_q65&_nc_cat=100&ccb=1-7&_nc_sid=110474&efg=eyJpIjoidCJ9&_nc_ohc=wuwTNa2LyPsAX9Km_rJ&_nc_ht=scontent-sea1-1.xx&oh=00_AT94XjrGCuI8YVVRp1Ukt43MnE9H6v8wsP9WhpTNAnMqdw&oe=62D3FBD5&manual_redirect=1', 'https://scontent-sea1-1.xx.fbcdn.net/v/t1.6435-9/201588219_10223498985961491_5593722869777766787_n.jpg?stp=cp0_dst-jpg_e15_fr_q65&_nc_cat=108&ccb=1-7&_nc_sid=110474&efg=eyJpIjoidCJ9&_nc_ohc=oim2WwG2LwYAX83E_55&_nc_ht=scontent-sea1-1.xx&oh=00_AT_mN5xOLDJ6DvyvwZLvWyOOjOnev0tYgv4f71811SBtvA&oe=62D5A077&manual_redirect=1', 'https://scontent-sea1-1.xx.fbcdn.net/v/t1.6435-9/200758340_10223498985001467_4859808473180957295_n.jpg?stp=cp0_dst-jpg_e15_fr_q65&_nc_cat=111&ccb=1-7&_nc_sid=110474&efg=eyJpIjoidCJ9&_nc_ohc=0Akak8S_ilYAX8RFAp-&_nc_ht=scontent-sea1-1.xx&oh=00_AT844kWm6b9JQ1raPlUdl0nR5ItSKJFE_YP8FEWH5vNtRw&oe=62D5F47C&manual_redirect=1', 'https://scontent-sea1-1.xx.fbcdn.net/v/t1.6435-9/201016655_10223498985761486_7587179237273475028_n.jpg?stp=cp0_dst-jpg_e15_fr_q65&_nc_cat=106&ccb=1-7&_nc_sid=110474&efg=eyJpIjoidCJ9&_nc_ohc=XREvkk46GvoAX9IobG9&_nc_ht=scontent-sea1-1.xx&oh=00_AT9DAegcn1doBsR2xlkvJFGQejD58ja3CqJRv15kfshQlA&oe=62D4E68B&manual_redirect=1']","['May be an image of one or more people, drink and indoor', 'May be an image of one or more people, people standing, ocean and beach', 'May be an image of one or more people, people standing and outdoors', 'May be an image of one or more people, ocean and nature', 'May be an image of one or more people and outdoors', 'May be an image of deer and outdoors', 'May be an image of one or more people and body of water', 'No photo description available.']","['https://scontent-sea1-1.xx.fbcdn.net/v/t1.6435-9/201225629_10223498984721460_1178354498728820236_n.jpg?stp=cp0_dst-jpg_e15_p160x160_q65&_nc_cat=100&ccb=1-7&_nc_sid=110474&efg=eyJpIjoidCJ9&_nc_ohc=5Xjo1RuCbFsAX-hjmaj&tn=y9RIhtjcLrjeDzHT&_nc_ht=scontent-sea1-1.xx&oh=00_AT9nE-KhW_1uUbRi9SDWirvS6h4Mno-2SmtmK_MAxxWN5w&oe=62D29A9E', 'https://scontent-sea1-1.xx.fbcdn.net/v/t1.6435-9/199814918_10223498986601507_5300151251030062848_n.jpg?stp=cp0_dst-jpg_e15_p160x160_q65&_nc_cat=102&ccb=1-7&_nc_sid=110474&efg=eyJpIjoidCJ9&_nc_ohc=xD0cNVjTZF8AX9l0cX2&_nc_ht=scontent-sea1-1.xx&oh=00_AT_jawR_skIE5Nr5AQVxApQRmsGqDabfcyUx1l4A0j3Yhw&oe=62D46048', 'https://scontent-sea1-1.xx.fbcdn.net/v/t1.6435-9/200776689_10223498986321500_9151096364413223092_n.jpg?stp=cp0_dst-jpg_e15_p110x80_q65&_nc_cat=104&ccb=1-7&_nc_sid=110474&efg=eyJpIjoidCJ9&_nc_ohc=yHFQ-SGv_1kAX_DNWwA&_nc_ht=scontent-sea1-1.xx&oh=00_AT-oPv9BiSpJAog4HtUGYXnJ_F4vpvvypifnOq2yOtZJNA&oe=62D6563B', 'https://scontent-sea1-1.xx.fbcdn.net/v/t1.6435-9/201370290_10223498985281474_6582588554665159807_n.jpg?stp=cp0_dst-jpg_e15_q65_s160x160&_nc_cat=109&ccb=1-7&_nc_sid=110474&efg=eyJpIjoidCJ9&_nc_ohc=Eo8QAcF1hpYAX-qvoGT&tn=y9RIhtjcLrjeDzHT&_nc_ht=scontent-sea1-1.xx&oh=00_AT_MQ0dm4gseqXc6S5ChsCQE7fIMnu5SHlQw3SpfMyhdxQ&oe=62D58D5C', 'https://scontent-sea1-1.xx.fbcdn.net/v/t1.6435-9/199184493_10223498985481479_9218126982216134810_n.jpg?stp=cp0_dst-jpg_e15_p110x80_q65&_nc_cat=100&ccb=1-7&_nc_sid=110474&efg=eyJpIjoidCJ9&_nc_ohc=wuwTNa2LyPsAX9Km_rJ&_nc_ht=scontent-sea1-1.xx&oh=00_AT-cDH1Vj3A03of7xxn2drpR6Qtf1JBJ83Ru01Zku9wIrQ&oe=62D3FBD5']","['May be an image of one or more people, drink and indoor', 'May be an image of one or more people, people standing, ocean and beach', 'May be an image of one or more people, people standing and outdoors', 'May be an image of one or more people, ocean and nature', 'May be an image of one or more people and outdoors']",,,,,,,,,,375,104,2,https://facebook.com/darren.parry.7/posts/10223498987161521,,"[{'link': '/melody.tonione?refid=17&_ft_=top_level_post_id.10223498987161521%3Acontent_owner_id_new.1194082179%3Aphoto_attachments_list.%5B10223498984681459%2C10223498986561506%2C10223498986281499%2C10223498985241473%2C10223498985441478%5D%3Astory_location.9%3Astory_attachment_style.album%3Aent_attachement_type.PhotoSetAttachment%3Aactrs.1194082179%3Aftmd_400706.111111l&__tn__=%2AsH-R', 'text': 'Melody Parry'}]",1194082179,Darren Parry,https://facebook.com/darren.parry.7?lst=100006565235294%3A1194082179%3A1655627039&refid=17&_ft_=top_level_post_id.10223498987161521%3Acontent_owner_id_new.1194082179%3Aphoto_attachments_list.%5B10223498984681459%2C10223498986561506%2C10223498986281499%2C10223498985241473%2C10223498985441478%5D%3Astory_location.9%3Astory_attachment_style.album%3Aent_attachement_type.PhotoSetAttachment%3Aactrs.1194082179%3Aftmd_400706.111111l&__tn__=CH-R,False,,,,,,,True,,,,,,,,,,[],[],[],False,
10225532210950845,"I am really excited to kickoff this years Association of Academic Museums and Galleries. This years event is being hosted by my dear friend Katie Lee Koven and the Nora Eccles Museum of Art at Utah State University. My keynote is this Tuesday at 3:30. ‚ÄúSustaining our People‚Äù
#AAMG2022","I am really excited to kickoff this years Association of Academic Museums and Galleries. This years event is being hosted by my dear friend Katie Lee Koven and the Nora Eccles Museum of Art at Utah State University. My keynote is this Tuesday at 3:30. ‚ÄúSustaining our People‚Äù
#AAMG2022",,,2022-06-11 19:50:00,,https://scontent-sea1-1.xx.fbcdn.net/v/t39.30808-6/287505572_10225532210350830_1369076803653943118_n.jpg?stp=cp0_dst-jpg_e15_fr_q65&_nc_cat=102&ccb=1-7&_nc_sid=110474&efg=eyJpIjoidCJ9&_nc_ohc=1m4fSnmdNDsAX-M9pwO&_nc_ht=scontent-sea1-1.xx&oh=00_AT8mZSRRd7goM_6x3DysNYqQ35-a43lsYWfKjmGAe4UDcA&oe=62B36718&manual_redirect=1,https://scontent-sea1-1.xx.fbcdn.net/v/t39.30808-6/287505572_10225532210350830_1369076803653943118_n.jpg?stp=cp0_dst-jpg_e15_p320x320_q65&_nc_cat=102&ccb=1-7&_nc_sid=110474&efg=eyJpIjoidCJ9&_nc_ohc=1m4fSnmdNDsAX-M9pwO&_nc_ht=scontent-sea1-1.xx&oh=00_AT_S-NR-mTxqvQEwmQQPNCPMNQv4yY6qHeAawwBQ97jGcQ&oe=62B36718,['https://scontent-sea1-1.xx.fbcdn.net/v/t39.30808-6/287505572_10225532210350830_1369076803653943118_n.jpg?stp=cp0_dst-jpg_e15_fr_q65&_nc_cat=102&ccb=1-7&_nc_sid=110474&efg=eyJpIjoidCJ9&_nc_ohc=1m4fSnmdNDsAX-M9pwO&_nc_ht=scontent-sea1-1.xx&oh=00_AT8mZSRRd7goM_6x3DysNYqQ35-a43lsYWfKjmGAe4UDcA&oe=62B36718&manual_redirect=1'],['May be an image of 1 person and text'],['https://scontent-sea1-1.xx.fbcdn.net/v/t39.30808-6/287505572_10225532210350830_1369076803653943118_n.jpg?stp=cp0_dst-jpg_e15_p320x320_q65&_nc_cat=102&ccb=1-7&_nc_sid=110474&efg=eyJpIjoidCJ9&_nc_ohc=1m4fSnmdNDsAX-M9pwO&_nc_ht=scontent-sea1-1.xx&oh=00_AT_S-NR-mTxqvQEwmQQPNCPMNQv4yY6qHeAawwBQ97jGcQ&oe=62B36718'],['May be an image of 1 person and text'],,,,,,,,,,138,5,3,https://facebook.com/darren.parry.7/posts/10225532210950845,,"[{'link': '/katiealee?refid=17&_ft_=qid.-6130012688508350137%3Amf_story_key.10225532210950845%3Atop_level_post_id.10225532210950845%3Atl_objid.10225532210950845%3Acontent_owner_id_new.1194082179%3Athrowback_story_fbid.10225532210950845%3Aphoto_id.10225532210430832%3Astory_location.4%3Astory_attachment_style.photo%3Asty.22%3Aent_attachement_type.MediaAttachment%3Aapp_id.6628568379%3Apos.1%3Aprofile_id.1194082179%3Aprofile_relationship_type.6%3Aactrs.1194082179%3Athid.1194082179%3A306061129499414%3A2%3A0%3A1656658799%3A-937743303940015131%3A%3A%3Aftmd_400706.111111l&__tn__=%2As-R', 'text': 'Katie Lee Koven'}, {'link': '/hashtag/aamg2022?refid=17&_ft_=qid.-6130012688508350137%3Amf_story_key.10225532210950845%3Atop_level_post_id.10225532210950845%3Atl_objid.10225532210950845%3Acontent_owner_id_new.1194082179%3Athrowback_story_fbid.10225532210950845%3Aphoto_id.10225532210430832%3Astory_location.4%3Astory_attachment_style.photo%3Asty.22%3Aent_attachement_type.MediaAttachment%3Aapp_id.6628568379%3Apos.1%3Aprofile_id.1194082179%3Aprofile_relationship_type.6%3Aactrs.1194082179%3Athid.1194082179%3A306061129499414%3A2%3A0%3A1656658799%3A-937743303940015131%3A%3A%3Aftmd_400706.111111l&__tn__=%2As-R', 'text': '#AAMG2022'}]",1194082179,Darren Parry,https://facebook.com/darren.parry.7?lst=100006565235294%3A1194082179%3A1655627039&refid=17&_ft_=qid.-6130012688508350137%3Amf_story_key.10225532210950845%3Atop_level_post_id.10225532210950845%3Atl_objid.10225532210950845%3Acontent_owner_id_new.1194082179%3Athrowback_story_fbid.10225532210950845%3Aphoto_id.10225532210430832%3Astory_location.4%3Astory_attachment_style.photo%3Asty.22%3Aent_attachement_type.MediaAttachment%3Aapp_id.6628568379%3Apos.1%3Aprofile_id.1194082179%3Aprofile_relationship_type.6%3Aactrs.1194082179%3Athid.1194082179%3A306061129499414%3A2%3A0%3A1656658799%3A-937743303940015131%3A%3A%3Aftmd_400706.111111l&__tn__=C-R,False,,,,,,,True,,,,,,,,,10225532210430832,['10225532210430832'],,,False,
10225497291597883,"Whew! The last few days were amazing. Mormon History Association Conference in Logan. I was blessed to lead a Pre-conference tour with my friend Paul Willie and learn about Willie handcart company and where he settled. We went to the old Washakie Townsite and then to the baptismal site of my people on the Bear River. A quick stop in Wellsville to learn about Black Pioneer slaves and ended the tour in Hyrum with Jaime Huss.

Friday morning I gave the opening Plenary and followed that up with a panel on ‚ÄúWomen and Historical Agency‚Äù with two wonderful women who I admire so much, Brooke LeFevre and Katie Ludlow Rich. I also received 2 awardsüôè

So many friends and so many wonderful papers and memories. Logan Utah and Utah State University you did not disappoint.
#MHAM2022 #MHARochesterNY
#UntilWeMeetAgain
#IAmTired","Whew! The last few days were amazing. Mormon History Association Conference in Logan. I was blessed to lead a Pre-conference tour with my friend Paul Willie and learn about Willie handcart company and where he settled. We went to the old Washakie Townsite and then to the baptismal site of my people on the Bear River. A quick stop in Wellsville to learn about Black Pioneer slaves and ended the tour in Hyrum with Jaime Huss.

Friday morning I gave the opening Plenary and followed that up with a panel on ‚ÄúWomen and Historical Agency‚Äù with two wonderful women who I admire so much, Brooke LeFevre and Katie Ludlow Rich. I also received 2 awardsüôè

So many friends and so many wonderful papers and memories. Logan Utah and Utah State University you did not disappoint.
#MHAM2022 #MHARochesterNY
#UntilWeMeetAgain
#IAmTired",,,2022-06-05 08:41:00,,https://scontent-sea1-1.xx.fbcdn.net/v/t39.30808-6/283906805_10225497298678060_3781540199784662658_n.jpg?stp=cp0_dst-jpg_e15_fr_q65&_nc_cat=101&ccb=1-7&_nc_sid=110474&efg=eyJpIjoidCJ9&_nc_ohc=CCpEcUI4NOQAX96OeiR&_nc_ht=scontent-sea1-1.xx&oh=00_AT-_O1clfLoHocvt_G6r8SVum93638z2q7WsX-NjteQlkQ&oe=62B4923A&manual_redirect=1,https://scontent-sea1-1.xx.fbcdn.net/v/t39.30808-6/283906805_10225497298678060_3781540199784662658_n.jpg?stp=cp0_dst-jpg_e15_p160x160_q65&_nc_cat=101&ccb=1-7&_nc_sid=110474&efg=eyJpIjoidCJ9&_nc_ohc=CCpEcUI4NOQAX96OeiR&_nc_ht=scontent-sea1-1.xx&oh=00_AT9hn0087Pr3jPP9PUrwMOUdywvXecaOgK_ZTNqvKL_-lg&oe=62B4923A,"['https://scontent-sea1-1.xx.fbcdn.net/v/t39.30808-6/283906805_10225497298678060_3781540199784662658_n.jpg?stp=cp0_dst-jpg_e15_fr_q65&_nc_cat=101&ccb=1-7&_nc_sid=110474&efg=eyJpIjoidCJ9&_nc_ohc=CCpEcUI4NOQAX96OeiR&_nc_ht=scontent-sea1-1.xx&oh=00_AT-_O1clfLoHocvt_G6r8SVum93638z2q7WsX-NjteQlkQ&oe=62B4923A&manual_redirect=1', 'https://scontent-sea1-1.xx.fbcdn.net/v/t39.30808-6/283607989_10225497300398103_4965471469391469726_n.jpg?stp=cp0_dst-jpg_e15_fr_q65&_nc_cat=108&ccb=1-7&_nc_sid=110474&efg=eyJpIjoidCJ9&_nc_ohc=OeUKByLeWkYAX8waEG5&_nc_ht=scontent-sea1-1.xx&oh=00_AT86T9GEsNoypBDot1LNsyQgtfjZQzWam2piaoCLL9pNKw&oe=62B4BC4A&manual_redirect=1', 'https://scontent-sea1-1.xx.fbcdn.net/v/t39.30808-6/283528670_10225497300318101_1257386411424347722_n.jpg?stp=cp0_dst-jpg_e15_fr_q65&_nc_cat=105&ccb=1-7&_nc_sid=110474&efg=eyJpIjoidCJ9&_nc_ohc=kgB0sxyNwNAAX_nlS88&tn=y9RIhtjcLrjeDzHT&_nc_ht=scontent-sea1-1.xx&oh=00_AT8in_ef3IGEyk8dbTh-Y6TzkK1apJeAbshprrvuwD08CQ&oe=62B3B8B9&manual_redirect=1', 'https://scontent-sea1-1.xx.fbcdn.net/v/t39.30808-6/283784298_10225497298758062_6269538415341602966_n.jpg?stp=cp0_dst-jpg_e15_fr_q65&_nc_cat=105&ccb=1-7&_nc_sid=110474&efg=eyJpIjoidCJ9&_nc_ohc=YVZ1OdseyAgAX-rVvQP&tn=y9RIhtjcLrjeDzHT&_nc_ht=scontent-sea1-1.xx&oh=00_AT9p-Jh1-mQUgujrozJRnis6kk9mzVkzu_q4ss6kG6ZLhA&oe=62B3E5CA&manual_redirect=1', 'https://scontent-sea1-1.xx.fbcdn.net/v/t39.30808-6/283517998_10225497307678285_7258909496236458962_n.jpg?stp=cp0_dst-jpg_e15_fr_q65&_nc_cat=106&ccb=1-7&_nc_sid=110474&efg=eyJpIjoidCJ9&_nc_ohc=_W3R1d-HpNYAX_iapqj&tn=y9RIhtjcLrjeDzHT&_nc_ht=scontent-sea1-1.xx&oh=00_AT_1p5icRK_C3Ww1A0MKxTQbfbIUD2tQ5liNsaIqz4nZyQ&oe=62B4A29F&manual_redirect=1', 'https://scontent-sea1-1.xx.fbcdn.net/v/t39.30808-6/283789524_10225497312958417_3377701581174163229_n.jpg?stp=cp0_dst-jpg_e15_fr_q65&_nc_cat=108&ccb=1-7&_nc_sid=110474&efg=eyJpIjoidCJ9&_nc_ohc=nceg45Hc224AX8QNWUn&_nc_ht=scontent-sea1-1.xx&oh=00_AT_eA3SCEBDCudss4edS4n4kodJitN174Zqh521Ye4F-CA&oe=62B3B15D&manual_redirect=1', 'https://scontent-sea1-1.xx.fbcdn.net/v/t39.30808-6/283548117_10225497299438079_2763756945686344631_n.jpg?stp=cp0_dst-jpg_e15_fr_q65&_nc_cat=103&ccb=1-7&_nc_sid=110474&efg=eyJpIjoidCJ9&_nc_ohc=GESwhFrk1_wAX_UddZJ&_nc_ht=scontent-sea1-1.xx&oh=00_AT-3w8d3-0-bjGlLPL8mFjatQXTe9F8mGv8foj_uXs6u0g&oe=62B3CCAB&manual_redirect=1', 'https://scontent-sea1-1.xx.fbcdn.net/v/t39.30808-6/283784297_10225497298958067_2074710474754281121_n.jpg?stp=cp0_dst-jpg_e15_fr_q65&_nc_cat=111&ccb=1-7&_nc_sid=110474&efg=eyJpIjoidCJ9&_nc_ohc=5VJbbSj7DVAAX9slkzF&tn=y9RIhtjcLrjeDzHT&_nc_ht=scontent-sea1-1.xx&oh=00_AT_UHLw8n4WzFSj7UWnsOgNenhcIGVY_uv9qKTUH2thLkA&oe=62B2DBFA&manual_redirect=1']","['May be an image of 5 people, grass and tree', 'May be an image of 1 person, monument and outdoors', 'May be an image of tree, body of water and nature', 'May be an image of 7 people, people standing and grass', 'May be an image of 2 people and people standing', 'May be an image of 2 people and people standing', 'May be an image of 3 people and people standing', 'May be an image of 4 people and people standing']","['https://scontent-sea1-1.xx.fbcdn.net/v/t39.30808-6/283906805_10225497298678060_3781540199784662658_n.jpg?stp=cp0_dst-jpg_e15_p160x160_q65&_nc_cat=101&ccb=1-7&_nc_sid=110474&efg=eyJpIjoidCJ9&_nc_ohc=CCpEcUI4NOQAX96OeiR&_nc_ht=scontent-sea1-1.xx&oh=00_AT9hn0087Pr3jPP9PUrwMOUdywvXecaOgK_ZTNqvKL_-lg&oe=62B4923A', 'https://scontent-sea1-1.xx.fbcdn.net/v/t39.30808-6/283607989_10225497300398103_4965471469391469726_n.jpg?stp=cp0_dst-jpg_e15_p160x160_q65&_nc_cat=108&ccb=1-7&_nc_sid=110474&efg=eyJpIjoidCJ9&_nc_ohc=OeUKByLeWkYAX8waEG5&_nc_ht=scontent-sea1-1.xx&oh=00_AT97bey2OBlAe9d5WX7mlNnrhsmvYMSXnSHnbvmXql2kOg&oe=62B4BC4A', 'https://scontent-sea1-1.xx.fbcdn.net/v/t39.30808-6/283528670_10225497300318101_1257386411424347722_n.jpg?stp=cp0_dst-jpg_e15_p110x80_q65&_nc_cat=105&ccb=1-7&_nc_sid=110474&efg=eyJpIjoidCJ9&_nc_ohc=kgB0sxyNwNAAX_nlS88&tn=y9RIhtjcLrjeDzHT&_nc_ht=scontent-sea1-1.xx&oh=00_AT9snE7YXib_ON-NwVA-MTJ1tI-247M7nQTDx9rktyMKzA&oe=62B3B8B9', 'https://scontent-sea1-1.xx.fbcdn.net/v/t39.30808-6/283784298_10225497298758062_6269538415341602966_n.jpg?stp=cp0_dst-jpg_e15_p118x118_q65&_nc_cat=105&ccb=1-7&_nc_sid=110474&efg=eyJpIjoidCJ9&_nc_ohc=YVZ1OdseyAgAX-rVvQP&tn=y9RIhtjcLrjeDzHT&_nc_ht=scontent-sea1-1.xx&oh=00_AT8o0pgppAOqWOiIw9X3KZUtVGkBlEVqVJ_XyNok_7Y-qQ&oe=62B3E5CA', 'https://scontent-sea1-1.xx.fbcdn.net/v/t39.30808-6/283517998_10225497307678285_7258909496236458962_n.jpg?stp=cp0_dst-jpg_e15_p118x118_q65&_nc_cat=106&ccb=1-7&_nc_sid=110474&efg=eyJpIjoidCJ9&_nc_ohc=_W3R1d-HpNYAX_iapqj&tn=y9RIhtjcLrjeDzHT&_nc_ht=scontent-sea1-1.xx&oh=00_AT9oGSEo7Tzs7TAW7XyzqpAQDIGOOFQIeB3AutOsUx1fKQ&oe=62B4A29F']","['May be an image of 5 people, grass and tree', 'May be an image of 1 person, monument and outdoors', 'May be an image of tree, body of water and nature', 'May be an image of 7 people, people standing and grass', 'May be an image of 2 people and people standing']",,,,,,,,,,242,47,0,https://facebook.com/darren.parry.7/posts/10225497291597883,,"[{'link': '/paul.willie.92?refid=17&_ft_=qid.-6130012688412818380%3Amf_story_key.10225497291597883%3Atop_level_post_id.10225497291597883%3Atl_objid.10225497291597883%3Acontent_owner_id_new.1194082179%3Athrowback_story_fbid.10225497291597883%3Aphoto_attachments_list.%5B10225497286837764%2C10225497289637834%2C10225497289317826%2C10225497286917766%2C10225497290357852%5D%3Aphoto_id.10225497286837764%3Astory_location.4%3Astory_attachment_style.album%3Asty.22%3Aent_attachement_type.PhotoSetAttachment%3Aapp_id.6628568379%3Apos.1%3Aprofile_id.1194082179%3Aprofile_relationship_type.6%3Aactrs.1194082179%3Athid.1194082179%3A306061129499414%3A2%3A0%3A1656658799%3A1391311115853426684%3A%3A%3Aftmd_400706.111111l&__tn__=%2As-R', 'text': 'Paul Willie'}, {'link': '/story.php?story_fbid=10225497291597883&id=1194082179&refid=17', 'text': 'More'}, {'link': '/brooke.lefevre.12?refid=17&_ft_=qid.-6130012688412818380%3Amf_story_key.10225497291597883%3Atop_level_post_id.10225497291597883%3Atl_objid.10225497291597883%3Acontent_owner_id_new.1194082179%3Athrowback_story_fbid.10225497291597883%3Aphoto_attachments_list.%5B10225497286837764%2C10225497289637834%2C10225497289317826%2C10225497286917766%2C10225497290357852%5D%3Aphoto_id.10225497286837764%3Astory_location.4%3Astory_attachment_style.album%3Asty.22%3Aent_attachement_type.PhotoSetAttachment%3Aapp_id.6628568379%3Apos.1%3Aprofile_id.1194082179%3Aprofile_relationship_type.6%3Aactrs.1194082179%3Athid.1194082179%3A306061129499414%3A2%3A0%3A1656658799%3A1391311115853426684%3A%3A%3Aftmd_400706.111111l&__tn__=%2As-R', 'text': 'Brooke LeFevre'}, {'link': '/katie.l.rich?refid=17&_ft_=qid.-6130012688412818380%3Amf_story_key.10225497291597883%3Atop_level_post_id.10225497291597883%3Atl_objid.10225497291597883%3Acontent_owner_id_new.1194082179%3Athrowback_story_fbid.10225497291597883%3Aphoto_attachments_list.%5B10225497286837764%2C10225497289637834%2C10225497289317826%2C10225497286917766%2C10225497290357852%5D%3Aphoto_id.10225497286837764%3Astory_location.4%3Astory_attachment_style.album%3Asty.22%3Aent_attachement_type.PhotoSetAttachment%3Aapp_id.6628568379%3Apos.1%3Aprofile_id.1194082179%3Aprofile_relationship_type.6%3Aactrs.1194082179%3Athid.1194082179%3A306061129499414%3A2%3A0%3A1656658799%3A1391311115853426684%3A%3A%3Aftmd_400706.111111l&__tn__=%2As-R', 'text': 'Katie Ludlow Rich'}, {'link': '/hashtag/mham2022?refid=17&_ft_=qid.-6130012688412818380%3Amf_story_key.10225497291597883%3Atop_level_post_id.10225497291597883%3Atl_objid.10225497291597883%3Acontent_owner_id_new.1194082179%3Athrowback_story_fbid.10225497291597883%3Aphoto_attachments_list.%5B10225497286837764%2C10225497289637834%2C10225497289317826%2C10225497286917766%2C10225497290357852%5D%3Aphoto_id.10225497286837764%3Astory_location.4%3Astory_attachment_style.album%3Asty.22%3Aent_attachement_type.PhotoSetAttachment%3Aapp_id.6628568379%3Apos.1%3Aprofile_id.1194082179%3Aprofile_relationship_type.6%3Aactrs.1194082179%3Athid.1194082179%3A306061129499414%3A2%3A0%3A1656658799%3A1391311115853426684%3A%3A%3Aftmd_400706.111111l&__tn__=%2As-R', 'text': '#MHAM2022'}, {'link': '/hashtag/mharochesterny?refid=17&_ft_=qid.-6130012688412818380%3Amf_story_key.10225497291597883%3Atop_level_post_id.10225497291597883%3Atl_objid.10225497291597883%3Acontent_owner_id_new.1194082179%3Athrowback_story_fbid.10225497291597883%3Aphoto_attachments_list.%5B10225497286837764%2C10225497289637834%2C10225497289317826%2C10225497286917766%2C10225497290357852%5D%3Aphoto_id.10225497286837764%3Astory_location.4%3Astory_attachment_style.album%3Asty.22%3Aent_attachement_type.PhotoSetAttachment%3Aapp_id.6628568379%3Apos.1%3Aprofile_id.1194082179%3Aprofile_relationship_type.6%3Aactrs.1194082179%3Athid.1194082179%3A306061129499414%3A2%3A0%3A1656658799%3A1391311115853426684%3A%3A%3Aftmd_400706.111111l&__tn__=%2As-R', 'text': '#MHARochesterNY'}, {'link': '/hashtag/untilwemeetagain?refid=17&_ft_=qid.-6130012688412818380%3Amf_story_key.10225497291597883%3Atop_level_post_id.10225497291597883%3Atl_objid.10225497291597883%3Acontent_owner_id_new.1194082179%3Athrowback_story_fbid.10225497291597883%3Aphoto_attachments_list.%5B10225497286837764%2C10225497289637834%2C10225497289317826%2C10225497286917766%2C10225497290357852%5D%3Aphoto_id.10225497286837764%3Astory_location.4%3Astory_attachment_style.album%3Asty.22%3Aent_attachement_type.PhotoSetAttachment%3Aapp_id.6628568379%3Apos.1%3Aprofile_id.1194082179%3Aprofile_relationship_type.6%3Aactrs.1194082179%3Athid.1194082179%3A306061129499414%3A2%3A0%3A1656658799%3A1391311115853426684%3A%3A%3Aftmd_400706.111111l&__tn__=%2As-R', 'text': '#UntilWeMeetAgain'}, {'link': '/hashtag/iamtired?refid=17&_ft_=qid.-6130012688412818380%3Amf_story_key.10225497291597883%3Atop_level_post_id.10225497291597883%3Atl_objid.10225497291597883%3Acontent_owner_id_new.1194082179%3Athrowback_story_fbid.10225497291597883%3Aphoto_attachments_list.%5B10225497286837764%2C10225497289637834%2C10225497289317826%2C10225497286917766%2C10225497290357852%5D%3Aphoto_id.10225497286837764%3Astory_location.4%3Astory_attachment_style.album%3Asty.22%3Aent_attachement_type.PhotoSetAttachment%3Aapp_id.6628568379%3Apos.1%3Aprofile_id.1194082179%3Aprofile_relationship_type.6%3Aactrs.1194082179%3Athid.1194082179%3A306061129499414%3A2%3A0%3A1656658799%3A1391311115853426684%3A%3A%3Aftmd_400706.111111l&__tn__=%2As-R', 'text': '#IAmTired'}]",1194082179,Darren Parry,https://facebook.com/darren.parry.7?lst=100006565235294%3A1194082179%3A1655627039&refid=17&_ft_=qid.-6130012688412818380%3Amf_story_key.10225497291597883%3Atop_level_post_id.10225497291597883%3Atl_objid.10225497291597883%3Acontent_owner_id_new.1194082179%3Athrowback_story_fbid.10225497291597883%3Aphoto_attachments_list.%5B10225497286837764%2C10225497289637834%2C10225497289317826%2C10225497286917766%2C10225497290357852%5D%3Aphoto_id.10225497286837764%3Astory_location.4%3Astory_attachment_style.album%3Asty.22%3Aent_attachement_type.PhotoSetAttachment%3Aapp_id.6628568379%3Apos.1%3Aprofile_id.1194082179%3Aprofile_relationship_type.6%3Aactrs.1194082179%3Athid.1194082179%3A306061129499414%3A2%3A0%3A1656658799%3A1391311115853426684%3A%3A%3Aftmd_400706.111111l&__tn__=C-R,False,,,,,,,True,,,,,,,,,,[],[],[],False,
10225475111523395,"‚ÄúOur life has brought us knowledge, knowledge brings understanding, and greater understanding brings openness to other ways of seeing and being.
It is important for you to remember that nobody is you, and that is your superpower. ‚ÄúÔøºÔøº
#FridayMHA Starts at 9 am","‚ÄúOur life has brought us knowledge, knowledge brings understanding, and greater understanding brings openness to other ways of seeing and being.
It is important for you to remember that nobody is you, and that is your superpower. ‚ÄúÔøºÔøº
#FridayMHA Starts at 9 am",,,2022-05-31 21:09:00,,https://scontent-sea1-1.xx.fbcdn.net/v/t39.30808-6/284924129_10225475109803352_3835571228567587544_n.jpg?stp=cp0_dst-jpg_e15_fr_q65&_nc_cat=103&ccb=1-7&_nc_sid=110474&efg=eyJpIjoidCJ9&_nc_ohc=rIIOur5nh3cAX-Unqhk&_nc_ht=scontent-sea1-1.xx&oh=00_AT85Teksv74CRDM3Qap_94hyWTYOzbUqYUK4Wxxe63ey5g&oe=62B441BF&manual_redirect=1,https://scontent-sea1-1.xx.fbcdn.net/v/t39.30808-6/284924129_10225475109803352_3835571228567587544_n.jpg?stp=cp0_dst-jpg_e15_p320x320_q65&_nc_cat=103&ccb=1-7&_nc_sid=110474&efg=eyJpIjoidCJ9&_nc_ohc=rIIOur5nh3cAX-Unqhk&_nc_ht=scontent-sea1-1.xx&oh=00_AT-GUPjn4CGSr9fCs4PBKhwy4j53uUCDoEAfNiZJ4N4CDw&oe=62B441BF,['https://scontent-sea1-1.xx.fbcdn.net/v/t39.30808-6/284924129_10225475109803352_3835571228567587544_n.jpg?stp=cp0_dst-jpg_e15_fr_q65&_nc_cat=103&ccb=1-7&_nc_sid=110474&efg=eyJpIjoidCJ9&_nc_ohc=rIIOur5nh3cAX-Unqhk&_nc_ht=scontent-sea1-1.xx&oh=00_AT85Teksv74CRDM3Qap_94hyWTYOzbUqYUK4Wxxe63ey5g&oe=62B441BF&manual_redirect=1'],['May be an image of 1 person'],['https://scontent-sea1-1.xx.fbcdn.net/v/t39.30808-6/284924129_10225475109803352_3835571228567587544_n.jpg?stp=cp0_dst-jpg_e15_p320x320_q65&_nc_cat=103&ccb=1-7&_nc_sid=110474&efg=eyJpIjoidCJ9&_nc_ohc=rIIOur5nh3cAX-Unqhk&_nc_ht=scontent-sea1-1.xx&oh=00_AT-GUPjn4CGSr9fCs4PBKhwy4j53uUCDoEAfNiZJ4N4CDw&oe=62B441BF'],['May be an image of 1 person'],,,,,,,,,,245,26,8,https://facebook.com/darren.parry.7/posts/10225475111523395,,"[{'link': '/hashtag/fridaymha?refid=17&_ft_=qid.-6130012688424690697%3Amf_story_key.10225475111523395%3Atop_level_post_id.10225475111523395%3Atl_objid.10225475111523395%3Acontent_owner_id_new.1194082179%3Athrowback_story_fbid.10225475111523395%3Aphoto_id.10225475109843353%3Astory_location.4%3Astory_attachment_style.photo%3Asty.22%3Aent_attachement_type.MediaAttachment%3Aapp_id.6628568379%3Apos.1%3Aprofile_id.1194082179%3Aprofile_relationship_type.6%3Aactrs.1194082179%3Athid.1194082179%3A306061129499414%3A2%3A0%3A1656658799%3A-757349722592418129%3A%3A%3Aftmd_400706.111111l&__tn__=%2As-R', 'text': '#FridayMHA'}]",1194082179,Darren Parry,https://facebook.com/darren.parry.7?lst=100006565235294%3A1194082179%3A1655627039&refid=17&_ft_=qid.-6130012688424690697%3Amf_story_key.10225475111523395%3Atop_level_post_id.10225475111523395%3Atl_objid.10225475111523395%3Acontent_owner_id_new.1194082179%3Athrowback_story_fbid.10225475111523395%3Aphoto_id.10225475109843353%3Astory_location.4%3Astory_attachment_style.photo%3Asty.22%3Aent_attachement_type.MediaAttachment%3Aapp_id.6628568379%3Apos.1%3Aprofile_id.1194082179%3Aprofile_relationship_type.6%3Aactrs.1194082179%3Athid.1194082179%3A306061129499414%3A2%3A0%3A1656658799%3A-757349722592418129%3A%3A%3Aftmd_400706.111111l&__tn__=C-R,False,,,,,,,True,,,,,,,,,10225475109843353,['10225475109843353'],,,False,
10225444872087428,"Just putting the finishing touches on my Plenary Talk for Friday morning at the Mormon History Association conference in Logan this coming Thursday-Sunday. Register and come join us. Amazing papers, displays and events.
#RainyDays","Just putting the finishing touches on my Plenary Talk for Friday morning at the Mormon History Association conference in Logan this coming Thursday-Sunday. Register and come join us. Amazing papers, displays and events.
#RainyDays",,,2022-05-28 10:32:00,,https://scontent-sea1-1.xx.fbcdn.net/v/t39.30808-6/284488206_10225444871807421_8376925663165987528_n.jpg?stp=cp0_dst-jpg_e15_fr_q65&_nc_cat=110&ccb=1-7&_nc_sid=110474&efg=eyJpIjoidCJ9&_nc_ohc=AHVWuLnSLWkAX9be_d4&_nc_ht=scontent-sea1-1.xx&oh=00_AT89JQPsexF0YeTIybOwHiHSpL10SH7bbq95_ZDO-mnPrg&oe=62B3E778&manual_redirect=1,https://scontent-sea1-1.xx.fbcdn.net/v/t39.30808-6/284488206_10225444871807421_8376925663165987528_n.jpg?stp=cp0_dst-jpg_e15_p320x320_q65&_nc_cat=110&ccb=1-7&_nc_sid=110474&efg=eyJpIjoidCJ9&_nc_ohc=AHVWuLnSLWkAX9be_d4&_nc_ht=scontent-sea1-1.xx&oh=00_AT_z8xXqRzD5PgPsHnZZDXfgh3HlmwTdzrVngi9fIYbyPA&oe=62B3E778,['https://scontent-sea1-1.xx.fbcdn.net/v/t39.30808-6/284488206_10225444871807421_8376925663165987528_n.jpg?stp=cp0_dst-jpg_e15_fr_q65&_nc_cat=110&ccb=1-7&_nc_sid=110474&efg=eyJpIjoidCJ9&_nc_ohc=AHVWuLnSLWkAX9be_d4&_nc_ht=scontent-sea1-1.xx&oh=00_AT89JQPsexF0YeTIybOwHiHSpL10SH7bbq95_ZDO-mnPrg&oe=62B3E778&manual_redirect=1'],['May be an image of laptop and indoor'],['https://scontent-sea1-1.xx.fbcdn.net/v/t39.30808-6/284488206_10225444871807421_8376925663165987528_n.jpg?stp=cp0_dst-jpg_e15_p320x320_q65&_nc_cat=110&ccb=1-7&_nc_sid=110474&efg=eyJpIjoidCJ9&_nc_ohc=AHVWuLnSLWkAX9be_d4&_nc_ht=scontent-sea1-1.xx&oh=00_AT_z8xXqRzD5PgPsHnZZDXfgh3HlmwTdzrVngi9fIYbyPA&oe=62B3E778'],['May be an image of laptop and indoor'],,,,,,,,,,140,23,0,https://facebook.com/darren.parry.7/posts/10225444872087428,,"[{'link': '/hashtag/rainydays?refid=17&_ft_=qid.-6130012688317799621%3Amf_story_key.10225444872087428%3Atop_level_post_id.10225444872087428%3Atl_objid.10225444872087428%3Acontent_owner_id_new.1194082179%3Athrowback_story_fbid.10225444872087428%3Aphoto_id.10225444871847422%3Astory_location.4%3Astory_attachment_style.photo%3Asty.22%3Aent_attachement_type.MediaAttachment%3Aapp_id.6628568379%3Apos.1%3Aprofile_id.1194082179%3Aprofile_relationship_type.6%3Aactrs.1194082179%3Athid.1194082179%3A306061129499414%3A2%3A0%3A1656658799%3A-2897959977908950428%3A%3A%3Aftmd_400706.111111l&__tn__=%2As-R', 'text': '#RainyDays'}]",1194082179,Darren Parry,https://facebook.com/darren.parry.7?lst=100006565235294%3A1194082179%3A1655627039&refid=17&_ft_=qid.-6130012688317799621%3Amf_story_key.10225444872087428%3Atop_level_post_id.10225444872087428%3Atl_objid.10225444872087428%3Acontent_owner_id_new.1194082179%3Athrowback_story_fbid.10225444872087428%3Aphoto_id.10225444871847422%3Astory_location.4%3Astory_attachment_style.photo%3Asty.22%3Aent_attachement_type.MediaAttachment%3Aapp_id.6628568379%3Apos.1%3Aprofile_id.1194082179%3Aprofile_relationship_type.6%3Aactrs.1194082179%3Athid.1194082179%3A306061129499414%3A2%3A0%3A1656658799%3A-2897959977908950428%3A%3A%3Aftmd_400706.111111l&__tn__=C-R,False,,,,,,,True,,,,,,,,,10225444871847422,['10225444871847422'],,,False,
